POSTE,RR
1014002,1413.8
1034004,1179.9
1064001,1182.6
1071001,1177.9
1072001,1042.5
1089001,1042.1
1143002,1201.1
1185006,1819.2
1200002,1355.4
1235001,901.0
1247003,2355.5
1269001,1561.5
1367002,985.8
1384003,1096.3
1414001,1596.0
2037002,740.9
2058001,809.8
2094001,721.0
2110002,758.1
2173002,762.3
2320001,756.4
2321002,1033.3
2346001,857.7
2381001,1168.6
2471001,728.1
2585001,806.3
2705001,885.2
2738001,772.6
3036002,725.2
3059001,755.1
3060001,736.1
3061001,662.7
3074001,765.9
3100001,825.5
3106002,899.4
3108001,794.7
3114001,768.5
3125001,1427.6
3130002,786.2
3155003,646.4
3162001,727.8
3180001,716.9
3185007,607.8
3204001,842.0
3226001,717.5
3240001,902.9
3248001,1468.6
3285001,673.9
3310001,820.0
3321001,739.6
4006005,1184.7
4006400,180.2
4019001,747.4
4019404,121.2
4022001,729.8
4023001,1005.2
4024004,573.6
4039001,981.9
4041001,677.1
4049001,602.8
4068001,626.8
4070009,857.8
4088001,693.1
4096002,769.7
4115001,1148.2
4126001,1066.1
4134002,733.4
4136001,808.7
4184001,814.9
4205001,1123.9
4209005,787.1
4219001,1056.9
4222001,824.2
4230001,641.3
5001001,1149.8
5001400,103.0
5004001,1193.8
5007001,1184.1
5007003,1306.5
5026001,1113.9
5026400,1104.4
5027001,771.7
5032002,1681.0
5038001,662.1
5046001,1000.4
5055001,981.9
5061009,1017.2
5061400,8.8
5063001,1333.1
5063410,0.1
5064001,1517.2
5064403,1518.6
5070001,787.0
5070003,709.0
5079001,1133.0
5079400,302.8
5085403,236.0
5090002,1325.4
5093001,954.8
5098001,993.9
5098402,123.0
5101001,1053.2
5101400,929.1
5110001,1148.9
5110400,175.4
5114402,196.6
5119402,66.0
5120002,1172.0
5126001,709.1
5127001,902.5
5132001,1296.9
5133400,186.2
5136002,990.0
5139002,1200.8
5139006,1473.4
5142001,1214.2
5145002,1245.8
5157001,1073.4
5166001,844.0
5170001,775.0
5179001,902.7
5181002,1145.5
5181400,150.4
5182001,1545.9
5183001,865.1
6004002,378.0
6004004,514.6
6004009,495.3
6005001,726.0
6016001,948.5
6023004,722.2
6029001,439.2
6033002,469.8
6037002,948.4
6038001,524.6
6050002,879.0
6059003,510.2
6071001,918.1
6073005,1377.4
6073405,161.6
6074005,722.8
6075007,609.3
6077006,864.8000000000001
6079002,436.7
6081001,825.7
6083005,480.7
6086001,825.7
6088001,403.3
6088007,503.5
6090002,524.8
6091003,589.6
6094002,833.9
6094400,49.1
6099004,590.2
6102001,704.7
6103002,629.0
6118002,590.2
6120004,949.0
6120400,21.4
6125001,1184.5
6136005,619.8000000000001
6152002,436.2
6163001,893.5
6163007,784.1
7005001,763.9
7010001,717.6
7011002,1227.8
7019005,910.9
7025001,1275.3
7032002,1135.2
7033001,638.8
7064001,895.4
7066001,884.3
7068001,1134.3
7075001,1042.2
7096001,1088.5
7099001,747.3
7101001,706.1
7105001,961.7
7105003,808.4
7117001,795.2
7117002,857.4
7119001,865.0
7128001,952.6999999999999
7129001,915.7
7131001,869.1
7144001,1389.6
7153001,1317.5
7154005,938.9
7159001,852.5
7161001,1154.0
7161002,1157.7
7168001,748.9
7172002,754.4
7186001,833.3000000000001
7187001,1120.5
7202002,1179.6
7204008,816.4
7232001,905.8
7240001,814.2
7261001,863.3
7265003,783.9
7279001,572.1
7286002,1258.5
7301002,965.2
7315004,1268.8
7330004,670.3
7331001,1160.1
7334004,869.3
7338001,1081.1
7347001,834.8
8046001,1004.9
8089003,990.4
8105005,1160.6
8116001,1252.1
8145001,1140.4
8207001,865.3
8239001,819.7
8244001,1226.0
8248002,1259.5
8254002,1265.4
8255001,1058.7
8296002,792.8
8353001,878.0
8367002,1428.4
8401001,787.0
8419001,1239.8
8420002,1384.9
9023002,772.9
9023400,269.9
9023800,652.7
9024004,1056.6
9027001,1176.5
9029400,116.5
9030010,715.3
9030015,204.8
9047001,1004.3
9062002,299.09999999999997
9070400,173.3
9094001,941.1
9099001,976.9
9135400,52.8
9161003,801.8
9181003,834.9
9193400,35.9
9199002,723.8
9206400,233.0
9220003,447.3
9225005,831.6
9289001,996.1
9290400,1256.1
9301001,1076.5
9328001,848.2
10002001,930.8
10021001,868.3000000000001
10030001,702.6
10042001,939.7
10057001,767.7
10070001,871.2
10099002,888.7
10119001,878.3
10130001,889.9
10166002,868.5
10228002,844.8
10238001,926.1
10241001,866.7
10261001,894.1
10323001,810.8
10350001,770.8
10372001,870.5
10401001,997.7
10419001,883.1
11004001,591.8
11012001,340.6
11015001,652.8
11016003,548.9
11028001,951.0
11069001,606.3
11076001,694.7
11081003,643.0
11124003,326.7
11136001,665.1
11144001,221.0
11159002,734.6
11168001,610.1
11170001,271.0
11181002,897.8
11185001,426.0
11202001,215.4
11203004,361.4
11206003,604.2
11221004,1190.6
11253001,830.2
11260002,595.6
11262005,328.4
11266001,208.9
11412001,821.9
12005001,1523.9
12011001,1079.9
12014001,1414.8
12039001,736.3
12050001,1038.0
12063003,820.7
12068001,1218.8
12077002,794.1
12092001,1195.4
12094002,1237.2
12096001,1154.3
12145001,710.1
12150001,928.0
12154003,692.2
12179001,819.1
12189001,1087.9
12216001,1116.5
12224001,1265.9
12232001,879.0
12253001,1141.4
12254001,960.4
12266002,1199.1
12298001,1282.5
12300004,854.4
13001009,409.3
13004003,259.1
13005003,510.6
13022003,379.2
13028001,355.2
13030001,514.1
13031002,473.4
13036003,347.2
13047001,260.8
13054001,287.2
13055001,303.9
13055029,426.8
13062002,522.2
13074003,554.2
13091002,430.1
13092001,301.9
13103001,326.2
13103004,338.0
13108004,332.1
13110003,595.5
13111002,645.1
14047002,855.8
14066001,717.9
14096001,1027.8
14137001,806.4
14216001,746.9
14229001,962.8
14239001,985.3
14296001,1486.9
14357002,1007.6
14366002,1063.7
14372001,1028.9
14446001,933.6
14501002,872.9
14515001,923.4
14578001,1018.0
14624001,698.3
14634001,860.4
14659001,696.1
14762004,1060.0
15001003,935.6
15014001,1461.0
15014004,1223.5
15025001,2563.1
15050001,1974.2
15053001,601.6
15060002,1058.5
15068001,799.7
15085001,1369.1
15101004,2755.3
15114002,1168.9
15118002,1645.3
15119001,528.8
15120005,1255.1
15122002,1312.4
15138001,1175.3
15162003,1355.0
15187006,807.5
15191001,1477.7
15196001,1502.9
15207002,680.7
15226001,1333.4
15235002,1022.3
15258004,296.1
16028001,1148.9
16078001,1096.3
16089001,1011.1
16113001,1042.3
16193001,1311.7
16225001,1141.9
16256001,1326.8
16279001,1124.9
16363001,1105.9
16366001,1100.6
16390001,1066.0
16403001,1279.6
17093002,1047.8
17111001,1044.8
17218001,1031.8
17224001,1089.2
17243002,1272.7
17248001,1119.0
17268002,1119.4
17300009,908.1
17306004,1101.7
17308001,1162.3
17318001,817.5
17323001,832.9
17339002,1104.6
17353001,1173.6
17415003,1236.1
17477001,1175.0
18003003,870.1
18015003,841.7
18033001,720.5
18036001,691.4
18037001,852.7
18047001,864.0
18057003,728.3
18087001,675.3
18089001,697.5
18092001,726.2
18109002,1039.3
18125004,599.0
18172003,758.6
18175003,695.9
18187004,925.9
18207003,724.3
18223003,861.3
18231001,766.8
18242001,726.4
18279001,698.3
19010001,1370.0
19016001,1663.0
19031008,1070.3
19033001,2031.6
19034001,1723.0
19073006,1712.0
19121002,1633.8
19125001,1782.1
19136002,1539.9
19139001,1904.9
19147001,1050.7
19164001,1591.5
19201001,1180.5
19237001,1634.3
19264001,1407.2
19272001,1597.0
19275001,1154.4
19276006,1377.9
19288004,1334.7
20004002,588.3
20004003,431.1
20004014,639.6
20023005,1871.2
20029003,571.5
20033015,514.1
20040001,1873.1
20040004,1613.8
20041001,596.3
20046002,600.9
20047006,1045.0
20050001,588.0
20054002,783.5
20083001,711.0
20092001,817.6
20093002,316.9
20096008,737.1
20096009,1209.4
20107001,384.2
20108002,1962.0
20114002,568.3
20126001,583.7
20135002,1092.4
20142001,1000.9
20148001,419.4
20154001,560.1
20160001,1190.7
20169007,571.7
20185003,529.5
20190002,840.1
20209003,924.7
20211001,1016.1
20223001,565.0
20232002,884.4
20247001,559.0
20249003,528.0
20254006,1437.2
20258001,1081.2
20264002,815.4
20268001,1541.4
20270001,758.2
20272001,567.3
20272004,602.0
20273001,738.1
20281001,494.5
20303001,529.0
20303002,478.1
20312001,1252.3
20314006,577.4
20326001,1017.4
20342001,436.1
20354008,2030.3
20362005,1197.3
21056001,789.1
21065001,874.4
21106001,783.0
21116002,953.1
21131001,819.7
21154001,826.1999999999999
21231001,756.1
21231007,762.1
21310001,913.1
21326001,826.6
21386001,760.3
21395001,764.8
21425001,855.8
21454001,950.9
21473001,719.4
21501003,789.0
21503001,889.9
21519001,961.7
21527001,823.7
21561003,873.3
21564001,730.2
21567001,758.9
21584001,942.1
21603001,660.5
21633002,732.9
21638002,717.3
22005003,925.3
22016001,758.5
22032002,712.9
22033001,944.1
22046003,884.6
22092001,1084.1
22108001,839.3
22113006,932.7
22114003,786.6
22138003,1236.7
22147006,896.0
22168001,822.2
22219003,974.7
22243001,1164.1
22247002,956.9
22261002,754.8
22266001,1099.7
22282001,748.7
22294003,1078.6
22372001,685.0
23008004,889.1
23013001,933.7
23021001,1120.9
23025001,988.3
23030004,1255.3
23031002,913.2
23046001,914.1
23067001,1104.6
23069002,997.5
23075001,1022.8
23079002,1007.5
23089001,931.8000000000001
23090003,1632.7
23113001,982.5
23155001,1325.9
23176001,1164.4
23206002,1011.7
23209001,852.2
24035003,905.3
24037005,936.2
24064001,1088.7
24138004,1117.0
24152001,963.9
24172001,992.4
24226001,970.5
24280001,1111.6
24291001,1006.0
24452001,1082.0
24453001,1202.5
24516002,1051.1
24547002,1088.9
24550003,1033.7
25021001,1250.7
25047001,1122.1
25056001,1187.8
25087002,1141.7
25127001,1511.2
25219002,1440.5
25222001,1563.9
25223002,1386.2
25254001,1817.9
25285001,1714.7
25320001,1683.0
25334001,1821.4
25356003,1414.5
25372001,1080.7
25413001,2045.0
25453001,1507.3
25462001,1455.2
25494001,1464.0
25512001,1365.6
25529002,1137.8
25621001,1932.2
26002003,934.5
26035001,774.0
26047001,953.3
26050001,722.6
26056001,844.2
26059001,1537.0
26064001,769.4
26074001,1226.1
26113003,974.1
26116002,563.1
26124001,647.9
26142001,952.7
26168001,1263.6
26179001,918.1999999999999
26182001,728.6999999999999
26189001,889.5
26198001,613.9
26211001,600.8
26234002,797.2
26258001,664.2
26273002,971.1
26281001,1008.0
26290002,1424.2
26292002,687.3
26295001,1133.9
26298001,1115.8
26307001,1126.4
26313001,884.0
26327001,914.8
26328001,819.8
26330001,1189.2
26340001,899.8
26361001,880.2
26377003,624.2
27016001,698.0
27056003,727.3
27100001,1109.3
27112001,773.0
27306001,676.4
27347001,596.6
27375001,659.4
27422001,612.0
28051002,686.3
28064002,632.1
28070001,671.6
28078001,855.7
28190002,683.3
28195001,726.2
28196003,751.7
28198001,708.1
28206001,551.4
28214003,725.5
28239002,643.9
28280001,811.4
28322001,678.3
28363001,765.9
28373002,842.2
28380003,649.3
28386001,659.1
28406002,652.2
28407001,897.0
29018001,1719.0
29022001,889.6
29041002,1647.4
29075001,1332.5
29082001,889.4
29105800,1204.0
29113001,1104.5
29120001,1123.9
29155005,698.8
29163003,1153.2
29168001,693.6
29170001,1383.5
29178001,934.6
29179001,1162.5
29214001,804.9
29216001,1322.7
29249002,1505.5
29263002,1136.6
29264001,1177.4
29276001,1024.0
29277001,1609.3
29293001,888.5
30003001,184.5
30009001,902.4
30068001,597.3
30076001,628.4
30087002,1088.8
30101001,574.8
30117002,314.5
30129001,796.3
30132004,943.9
30153003,1285.8
30164001,609.4
30176002,894.0
30189001,453.4
30202002,523.8
30209002,504.8
30219001,603.5
30224001,536.4
30243001,715.0
30258001,465.9
30263001,805.9
30269006,938.0
30297001,1000.4
30305001,663.5
30316004,659.5
30334003,536.8
30339001,1498.4
30349001,553.4
30350001,1032.6
30350100,707.0
30352002,541.2
31011001,1136.4
31035001,669.0
31037002,677.7
31042012,845.5
31042400,102.3
31069001,600.7
31070004,927.5
31085400,2.5
31147001,803.2
31157001,631.0
31221400,188.5
31299001,592.1
31374001,653.7
31403002,714.6
31404001,972.8
31406002,760.9
31451001,786.6
31454001,734.1
31478001,540.5
31508400,924.8
31540001,652.9
31579001,710.0
32013005,871.4
32035001,1056.5
32107006,948.9
32132001,941.1
32147001,783.8
32155001,1096.3
32182001,762.7
32190001,1194.4
32245001,1270.4
32248001,809.9
32256001,973.1
32315001,1020.4
32355001,979.8
32414001,1314.8
33042001,1295.1
33042005,1182.5
33063001,1095.6
33080001,1176.0
33095001,1168.6
33116001,1064.6
33122003,1378.0
33195001,1062.1
33214002,1287.3
33236002,1114.4
33281001,1186.4
33314005,1090.4
33394002,1028.3
33415001,1091.3
33482001,990.5
33484001,1195.3
33494001,1404.9
33504001,1086.3
33529001,1132.8
33540001,1032.1
33550001,1165.0
34028003,457.3
34032002,241.0
34046005,1034.0
34055003,986.3
34064003,886.5
34142001,197.3
34144001,613.2
34150001,233.5
34151005,252.7
34154001,261.3
34163001,447.3
34174002,706.0
34178001,301.9
34205001,1317.3
34209002,184.5
34217001,487.5
34237001,337.0
34239002,388.7
34269001,424.1
34274001,687.7
34277001,704.3
34301002,210.2
34302001,382.9
34306001,599.3
34311001,271.5
34317001,713.7
34319001,316.7
34334002,385.5
34335003,361.0
34337001,262.5
35005001,756.6
35026001,861.7
35044001,989.5
35057003,826.5
35110003,814.7
35115001,924.6
35162003,1128.1
35178001,953.3000000000001
35202001,900.0
35224001,827.7
35225001,812.8
35228001,701.0
35238003,825.3
35240001,790.5
35281001,736.2
35294001,939.3
35335001,923.3
35347001,836.4
36001001,1020.2
36018001,937.6
36034002,730.7
36035002,919.0
36063001,739.8
36070001,1123.9
36088005,735.3
36093002,860.6
36103001,855.2
36113001,852.4
36127002,732.9
36139001,858.8
36141001,874.3000000000001
36147001,701.9
36155001,837.4
36169001,864.0
36173002,897.7
36186001,825.3
36192001,870.3
36208001,849.8
36219001,802.2
37003001,773.3
37023002,691.1
37107001,771.8
37113001,797.9
37119001,769.4
37122001,739.7
37128002,755.8
37170001,737.2
37179001,687.7
37192001,730.1
37213003,777.0
37216003,773.5
37240001,712.1
37241001,821.2
37242002,792.0
37253001,645.4
38002406,176.7
38005001,2369.5
38005402,20.0
38006001,1462.8
38006400,120.8
38020400,292.8
38021001,1697.7
38034001,1044.6
38040001,1204.9
38046002,1133.1
38053003,837.0
38082001,1175.9
38095001,1022.1
38103002,1298.1
38133001,1152.4
38153001,1422.7
38162001,1117.2
38163001,2145.9
38185012,1130.6
38186001,1424.4
38186400,168.4
38187400,20.0
38191002,997.8000000000001
38191400,560.6
38205400,42.599999999999994
38207001,1502.6
38242001,1012.3
38253400,338.5
38253407,46.2
38264400,52.7
38269004,942.6
38275002,987.1
38285001,1645.7
38289401,565.1
38299001,1115.9
38299002,1105.7
38315002,1198.2
38333003,1676.2
38334001,1266.3
38334400,440.1
38336001,702.8
38342001,1059.0
38349001,771.1
38362001,1498.2
38366001,1130.9
38375009,1122.8
38375400,1019.0
38375402,10.0
38375403,198.8
38375405,130.1
38375406,258.6
38384001,919.7
38395004,1832.0
38395403,18.0
38442001,2282.3
38442008,1850.4
38446003,2250.8
38501001,1316.0
38504001,1407.9
38504002,1901.0
38518001,1037.6
38522004,1530.0
38524001,1032.3
38527001,1788.9
38527400,503.0
38538002,1142.8
38548001,1276.8
38548400,153.4
38567002,1436.8
38567407,443.9
39013004,1246.9
39097003,1698.2
39130002,1995.0
39156001,1704.6
39159002,1301.6
39177001,1439.0
39198001,1059.0
39225002,1614.2
39235001,1086.7
39362001,1120.0
39413001,1565.4
39485002,1334.2
39526003,927.0
40031001,1275.7
40033001,1289.6
40046001,1022.6
40065002,1295.0
40087001,1226.0
40088001,1451.4
40134001,1436.0
40164004,1087.6
40192001,1166.9
40218002,1224.5
40227001,1262.9
40243001,1355.0
40246003,1293.1
40272002,1821.5
40286001,1194.3
40304001,1442.3
40321002,1219.3
41018001,693.3
41050002,752.1
41053001,729.7
41075003,786.8
41080001,745.8
41097001,697.5
41106001,832.8
41152001,724.6
41173003,702.3
41269001,735.4
41281001,715.3
41285001,800.4
42005001,583.4
42011001,621.0
42019005,590.5
42023004,843.3
42039003,1217.9
42040001,1377.1
42059001,703.5
42094003,587.0
42098001,800.7
42101001,1020.3000000000001
42102002,735.4
42145003,846.7
42152001,794.7
42159001,1274.8
42165003,694.1
42204002,758.8
42207005,650.3
42218011,636.9
42224003,1045.0
42227001,703.3
42239001,644.1
42248002,1019.0
42253001,673.0
42287001,979.9
42299001,502.59999999999997
42306001,1097.8
42322001,857.0
42332001,543.1
43003001,910.6
43012001,569.5
43014001,669.2
43020002,666.9
43037001,702.5
43046001,529.6
43062001,661.3
43067001,615.5
43071001,735.5
43091005,1076.2
43093001,819.4
43095001,802.1
43096001,529.0
43104001,948.1
43111002,670.6
43118001,589.3
43130002,821.9
43137003,721.4
43150001,772.1999999999999
43162001,607.5
43212002,760.9
43223001,869.9
43234005,704.2
43241002,618.5
43244003,762.0
43246001,635.9
43268004,855.9
44015001,960.0
44020001,858.5
44067001,1007.7
44072002,1013.2
44103001,896.0
44109012,1027.3
44110002,892.1
44113001,786.7
44117002,905.2
44120002,989.2
44129001,1102.0
44131002,987.7
44180005,903.2
44181001,903.3
44188001,1013.8
45004001,656.1
45055001,628.2
45069001,783.7
45145001,802.9
45187001,832.1
45193001,798.5
45199003,737.7
45234009,817.0
45245001,793.7
45253001,690.3
45270002,767.3
45340002,837.1
46005001,1067.9
46031001,1180.7
46038002,1110.0
46071001,1619.2
46100001,1000.6
46127001,960.9
46128002,1076.2
46143001,1213.1
46160001,1614.5
46173006,1000.2
46176001,999.4
46181001,1001.6999999999999
46197002,985.2
46201001,1083.4
46287001,1014.0
46330002,1055.7
46332001,1154.7
47004001,812.7
47038002,832.7
47086001,1005.6
47091001,790.0
47093002,979.9
47123002,973.9
47138001,965.1
47163001,915.7
47175001,814.2
47213001,1009.8
47221001,1066.8
47254001,1041.4
47323004,853.5
47327001,996.8
48004001,730.2
48009001,931.9
48020003,986.5
48027002,976.0
48027003,950.6
48032003,898.9
48036001,1307.4
48043001,846.9
48051002,1005.4
48060001,1047.3
48061002,1009.4
48069001,743.7
48070004,284.9
48095004,831.7
48095005,821.8
48103001,815.3
48108001,1044.3
48110001,1177.0
48116001,973.1
48130002,912.6
48146001,1041.3999999999999
48148004,872.1
48156002,1085.4
48176002,983.4
48186001,956.0
48187003,1485.0
48198001,1163.5
49007011,840.0
49008001,823.4
49020001,799.8
49022001,892.4
49027001,1011.7
49099003,914.3
49138001,768.6
49176001,833.2
49188001,794.1
49191001,732.3
49215002,775.0
49248003,835.2
49276001,828.4
49281001,1078.6
49307001,775.7
49328001,711.1
49331003,783.2
49368001,798.2
49373001,829.4
50020001,755.2
50082001,1434.0
50111001,1390.2
50139001,1168.3
50144001,1633.7
50147001,1270.4
50174001,1263.0
50209001,1154.0
50215002,1004.4
50277001,1032.7
50298001,1087.0
50410003,763.2
50456001,1385.6
50484002,1102.5
50509002,946.7
50514001,1282.8
50531001,1081.3
50562001,1015.3
51015001,872.7
51153001,765.6
51210001,720.5
51237002,798.5
51242001,768.0
51262001,865.8
51298001,910.8
51388003,779.0
51449002,670.1
51545001,979.6
51588001,1006.4
51590002,998.2
51595002,872.0
52023002,987.8
52055001,1020.9
52061002,1043.2
52074002,838.9
52084002,1031.7
52114001,866.7
52123003,1131.0
52131002,965.9
52145001,984.5
52197003,983.5
52248002,911.2
52269001,943.6
52294001,983.4
52332001,1017.4
52348003,857.3
52443001,1203.6
52447001,930.0
52448001,931.6
52450002,963.9
52469001,959.6
52529001,912.6999999999999
53077001,822.6
53078001,805.8
53083001,948.4
53096004,867.6
53097001,887.8
53110002,897.0
53116003,1031.2
53130008,807.6
53147001,1028.0
53159002,1000.6
53185001,980.2
53238003,1033.2
54040001,971.9
54113002,785.0
54171001,888.7
54181001,1247.3
54182001,887.0
54322001,1088.1
54405001,900.5
54407001,892.9
54415001,793.2
54481001,856.9
54526001,831.6
54582001,1008.4
55014001,1024.1
55041001,1051.0
55060002,1036.1
55067001,1158.8
55073001,1033.8
55108004,1080.3
55123002,994.7
55129001,1141.0
55179001,1262.8
55248001,993.3
55328001,1111.3
55364001,953.5
55386002,863.0
55443001,765.8
55484001,1115.2
55517002,933.8
55531001,960.4
56004001,1077.3
56007001,1304.9
56009001,634.0
56017003,1076.2
56031001,1310.9
56069001,910.2
56137001,1326.5
56144001,1020.9
56151001,918.6
56159001,1085.4
56163001,1289.6
56165003,850.7
56166005,1314.9
56185001,1078.7
56186003,760.9
56240003,1010.6999999999999
56243001,1063.6
57019001,1024.8
57039001,808.7
57119001,852.7
57168001,845.2
57251001,717.7
57253001,433.6
57322001,854.6
57357002,820.4
57395001,858.4
57465001,782.4
57469002,677.1
57489001,1036.0
57509002,961.4
57524001,788.4
57550001,1043.4
57557001,908.9
57587003,830.0
57623003,1242.8
57644001,885.9
57730001,927.6
57732001,804.4
57740001,1022.0
58019001,939.7
58023001,943.1
58061001,804.4
58062001,1182.8
58079004,646.8
58104001,829.3
58106005,1220.6
58132001,727.6
58145002,955.7
58148001,771.9
58149001,1038.7
58160001,780.5
58177001,901.5
58199001,1144.6
58218006,824.2
58264001,712.6
58304005,768.7
59178001,782.5
59343001,797.7
59392001,1038.9
59512001,940.8
59534001,1023.2
59580003,986.8000000000001
59604001,781.8
59606004,817.4
59647001,1205.1
60040001,787.6
60107001,769.1
60260001,862.2
60276001,719.6
60322001,729.8
60363001,773.4
60382001,773.1
60445001,811.6
60500004,739.6
60518001,826.0
60555002,621.6
60566001,875.2
60623001,927.0
60639001,692.2
60652001,915.6
61001001,853.6
61006005,807.0
61124001,1074.9
61169003,1011.4
61179001,956.2
61214002,735.6
61275001,877.3
61328001,957.0
61345003,815.7
61369001,1272.6
61377001,1344.0
61387001,973.5
61404001,837.1
61426001,888.9
61464001,925.5
61479001,809.7
61483002,923.3
61485002,913.6
61491002,809.6
62044001,1382.7
62054001,978.3
62076002,1647.1
62160001,1196.5
62298001,739.3
62333001,1409.8
62468001,1153.3
62516002,818.7
62548002,947.5
62613001,1458.0
62685001,1309.0
62784001,1047.0
62826001,1152.7
62873001,696.4
63003004,704.6
63006002,1327.7
63038002,1881.2
63077001,1466.8
63089001,551.6
63098001,1966.5
63113001,514.6
63117001,979.5
63125002,712.7
63129001,1364.6
63132002,860.0
63157001,729.2
63163001,1112.3
63178001,541.6
63189005,1415.9
63222001,607.2
63223001,768.4
63236003,2640.4
63263005,1153.8
63281001,987.4
63282001,539.8
63295001,741.8
63298001,1187.3
63319002,1169.9
63320001,918.7
63345002,784.0
63353003,945.4
63354004,865.0
63382001,715.9
63393001,1120.1
63399002,1112.0
63417001,793.7
63426001,1376.8
63451001,1102.2
64006001,1655.8
64010002,1258.8
64024001,1737.3
64040400,783.9
64068001,1377.2
64092002,1864.6
64109001,1354.5
64123001,1630.6
64155001,1300.7
64160001,1833.7
64189001,1591.2
64233001,1170.5
64238001,1417.4
64301002,1360.6
64310001,1486.6
64316001,1822.2
64316003,1976.5
64316400,1252.0
64320003,1875.3
64320404,198.2
64324002,1469.4
64331002,1280.0
64342001,1720.4
64379001,1468.6
64416001,1485.4
64422007,1640.7
64430003,1383.3
64450001,1229.5
64453002,1357.7
64480001,1339.4
64537001,1478.8
64543001,1729.4
64549001,1341.4
65001001,1023.6
65017400,325.2
65018001,1369.0
65031005,864.6
65032005,1333.7
65055001,1042.7
65059022,1309.3
65099400,182.2
65123007,1558.1
65125001,1229.4
65129003,968.9
65138005,1531.3
65138007,978.0
65138402,474.2
65188005,1341.8
65188400,87.8
65258001,1209.6
65278001,1376.5
65283001,1034.7
65295003,1191.0
65295400,195.2
65304001,1055.4
65329400,517.7
65344001,1130.9
65388001,900.6
65388406,61.300000000000004
65447001,1054.7
65460002,1024.6
65481400,310.0
66002001,284.5
66024001,154.3
66029003,437.7
66037001,297.2
66049001,455.2
66074002,340.8
66082004,570.9
66088003,318.90000000000003
66119002,587.4
66124402,19.4
66136001,244.9
66137003,417.1
66147402,122.6
66148001,293.5
66157001,712.3
66183001,553.7
66187006,471.8
66188401,1.2
66194002,625.8
66202001,481.7
66204002,372.0
66206004,815.0
66212001,250.3
66230001,340.5
66233001,360.4
67027001,1534.8
67029001,858.1
67067001,699.0
67083002,872.0
67115001,636.8
67122001,1307.9
67124001,541.0
67126002,873.9
67165006,1576.1
67180001,845.3
67210002,1381.4
67443001,793.1
67462004,596.5
67482001,679.0
67498001,733.2
67507003,1087.5
67516001,564.3
68028001,704.2
68062001,808.8
68066001,543.7
68102001,1292.2
68112005,817.9
68165001,1094.2
68171002,2196.0
68188002,1406.2
68190001,1073.8
68205001,524.2
68224006,688.3
68226005,1139.2
68231001,575.7
68247001,1817.6
68247003,1901.2
68249002,1819.5
68287001,581.3
68297001,643.8
68307001,2846.9
68338001,901.0
69008001,661.4
69028001,597.0
69029001,717.8
69066003,1055.8
69114001,644.5
69123002,744.3
69135001,1128.9
69141001,611.6
69174002,904.0
69196001,855.5
69203001,746.5
69204002,667.3
69206001,700.5
69238001,657.7
69239002,691.2
69258001,937.7
69264001,637.0
69299001,790.7
70006001,1392.7
70061002,2078.0
70104001,1021.3
70132001,789.3
70165001,942.4
70168001,1141.4
70229001,1065.8
70245003,1232.4
70261001,742.1
70283006,2568.7
70414001,2469.7
70447002,845.8
70473001,1003.1
70545001,861.5
70550001,977.8
70561002,1030.9
71014004,836.4
71022003,882.1
71056003,959.5
71081001,738.5
71105001,827.6999999999999
71106001,989.5
71190001,717.9
71230002,958.6
71240001,855.1
71267001,913.5
71289001,996.0
71320001,919.6
71340002,959.2
71464001,772.9
71482001,994.1
71491001,862.7
71523001,1021.4
71541001,946.2
71558001,1027.2
71589001,732.6
72042001,807.6
72086001,789.8
72093001,842.3
72137006,876.0
72172003,795.6
72175002,723.8
72181001,704.0
72189001,791.4
72237001,810.3
72255001,851.6
72264001,778.2
72275003,852.5
72284001,827.2
72339001,733.3
72351002,836.9
72357001,766.9
72361001,857.5
72377002,891.6
73004400,83.9
73013002,906.0
73015400,525.3
73024400,638.6
73026001,900.4
73034002,1881.3
73034400,719.0
73040005,999.0
73040400,1003.7
73047401,235.20000000000002
73051001,1624.7
73052002,1570.5
73054001,1258.0
73054401,849.0
73055001,1237.2
73064001,1265.5
73098003,1743.0
73107001,1441.1
73123402,180.9
73132001,2161.2
73132003,2053.6
73132400,809.4
73139001,1610.7
73144001,923.6
73144404,387.6
73146001,1513.2
73150004,1268.3
73150400,969.6
73157400,155.8
73167001,1626.9
73171002,1229.2
73173400,325.9
73176400,983.4
73181001,1315.0
73187006,1261.9
73187403,56.4
73191001,1504.7
73194401,487.7
73206001,1509.5
73206400,278.4
73220001,1683.8
73227400,732.2
73229001,1654.9
73232001,1350.8
73232400,467.7
73235400,369.5
73242003,1107.2
73244001,1266.1
73255003,1210.4
73257001,1342.8
73257005,1157.2
73257400,428.6
73258001,1073.8
73261001,1303.4
73261003,1013.1
73280001,1904.9
73280402,328.7
73280404,112.4
73290002,1019.6
73296005,1416.6
73296400,659.7
73297003,1633.6
73303005,1506.2
73304005,1250.6
73304404,611.4
73306005,1112.5
73306403,278.3
73307400,406.3
73318400,477.4
73322001,881.7
73322401,132.7
73329001,1404.2
74001001,1792.5
74014002,1884.6
74014004,2281.2
74014400,789.9
74014402,619.3
74024001,1358.8
74033400,257.5
74035001,1362.4
74037002,1894.1
74042003,1250.8
74045001,1840.2
74051002,1279.3
74056001,1533.1
74056005,1991.6
74056400,59.0
74056402,218.5
74056416,657.9
74056417,765.8
74060001,1731.5
74063002,2354.6
74063405,670.4
74081002,1514.7
74083002,1844.2
74085001,1855.2
74087001,1176.8
74093001,1324.2
74105002,1076.4
74119002,1236.0
74119003,1367.5
74133001,1095.0
74134002,2206.6
74134400,157.9
74135001,1507.2
74136003,2339.2
74136005,2183.4
74136403,62.5
74137001,1528.8
74143003,1574.3
74173001,2132.0
74182001,1341.5
74191003,1809.7
74191406,549.7
74203001,1820.7
74211002,1699.8
74221001,1910.5
74252001,1674.3
74256001,1382.6
74258002,2108.4
74266001,1760.7
74280001,2238.5
74281001,1164.5
74285002,1117.1
74286001,1920.8
74286400,1730.7
74289001,1310.2
75106001,749.8
75110001,730.1
75114001,739.0
75116008,657.4
76116001,819.5
76130001,975.9
76171001,938.9
76208001,755.8
76217001,954.3
76228001,1112.5
76255002,1093.2
76259001,1078.6000000000001
76276001,993.6
76302002,1276.0
76378001,874.1
76473001,944.6
76481001,971.6
76540009,806.9
76552001,837.9
76582001,1094.1
76679001,1319.9
76746001,1034.4
77054001,735.5
77084001,742.6
77113002,843.3
77142002,537.6
77148002,823.0
77159001,851.8
77168003,427.0
77186002,846.5
77211001,848.1
77239001,850.6
77303001,537.6
77306001,824.7
77320002,815.3
77333003,819.2
77395001,371.40000000000003
77405002,531.2
77418001,900.5
77468001,842.6
77469003,747.4
77489001,858.5
77530001,925.9
78005002,594.9
78354001,655.5
78380001,698.7
78481001,655.4
78486002,777.7
78505001,666.3
78562001,749.5
78615002,671.0
78620001,795.2
78621001,730.9
78640001,716.7
78646002,764.0
79017001,913.4
79049004,920.9
79079013,1017.3
79134001,833.8
79148001,1204.5
79174002,1150.8
79176001,1172.1
79191005,1098.1
79202003,994.8
79215001,1298.9
79220002,1200.8
79270003,1250.3
79309001,1127.1
79311002,1435.0
79320002,1281.9
79326004,807.1
79329001,750.2
80001001,977.3
80041001,853.6
80086002,1130.8
80182003,980.9
80248001,1276.4
80253002,1095.3
80271002,835.6
80379002,699.6
80523001,763.3
80557001,805.0
80606002,1006.9
80628001,748.1
80630001,862.1
80682001,737.7
80713001,1220.7
80801001,789.0
81014001,1425.3
81069001,816.2
81081002,870.3
81115002,1115.5
81124001,1563.8
81140002,580.6
81182004,1103.6
81192005,802.8
81217002,853.6
81284001,785.0
81292001,906.7
82033005,868.7
82038006,913.8
82094004,976.6999999999999
82121002,803.3
82174001,867.4
82178002,649.3
82180001,725.7
83002004,719.7
83004004,497.3
83007004,665.2
83019002,495.0
83031001,535.0
83035001,459.5
83035002,372.7
83042001,515.0
83043005,504.2
83044003,732.1999999999999
83049005,518.0
83050007,443.1
83051001,461.8
83061001,376.4
83061007,446.8
83069001,348.4
83069002,449.09999999999997
83069003,342.0
83074002,863.4
83075001,526.2
83077001,703.3
83080001,844.3
83083001,537.1
83093005,664.8
83101001,394.2
83102005,675.7
83104001,600.5
83116022,630.4
83124002,539.0
83137001,465.6
83145001,683.7
83148002,469.1
83150002,586.1
84003002,662.3000000000001
84003003,592.6
84007002,314.0
84007005,277.0
84009002,549.0
84015002,1045.5
84025001,390.9
84026003,494.5
84031001,503.8
84054001,377.3
84064001,501.9
84069001,660.8
84074004,464.3
84085004,465.2
84086001,493.2
84087001,414.7
84094001,625.1
84107002,667.5
84150001,540.1
85005001,1140.4
85051001,1079.2
85060002,821.1
85092004,932.4
85097001,1070.6
85104001,854.9
85109001,1078.2
85113001,809.9
85152001,1064.5
85153002,1032.7
85163001,835.9
85169002,1060.2
85172001,723.9
85182004,1010.1999999999999
85190001,961.2
85191003,943.0
85215002,948.4
85216001,794.0
86009001,770.3
86015001,1061.2
86021002,997.4
86027001,791.2
86032001,770.4
86039001,878.8
86066001,808.8
86078002,1091.3
86097001,939.9
86137003,773.4
86139001,1130.5
86140001,881.2
86152002,1005.0
86165005,835.4
86273001,934.7
86289001,932.5
87009003,1679.6
87011002,1000.8
87032004,1355.5
87041001,1192.8
87044001,1342.5
87059001,1027.3
87064005,1303.4
87085006,1257.1
87089003,1032.5
87103002,1325.0
87106001,1218.9
87113001,1197.9
87146002,1282.2
87154003,1160.6
87159002,1540.8
87183001,1492.8
87187003,1305.6
88033002,942.1
88075005,2355.8
88081004,2044.3
88095003,948.4
88136001,1000.6
88147001,953.1
88176003,1144.1
88196009,2201.5
88201003,1128.3
88248001,977.9
88271001,941.6
88304006,893.0
88340001,962.9
88383001,1738.4
88393003,990.6
88399001,1174.8
88402002,766.2
88408002,2406.1
88430001,893.7
88486003,1846.8
88487003,1722.4
89003001,793.7
89014001,1065.6
89068001,787.9
89086001,823.3
89131001,832.2
89133001,869.0
89173001,897.3000000000001
89192001,843.5
89206001,809.5
89260001,832.1
89273001,849.7
89279002,669.0
89295001,694.2
89333001,729.9
89342001,831.3
89349005,1163.9
89365001,831.7
89380001,839.2
89387002,719.6
89418007,783.4
90035001,1034.1
90044001,1152.6
90052002,1769.5
90056002,1060.8
90065003,2679.7
90074001,973.6
90090001,1080.7
91027002,676.7
91103001,681.6
91184001,675.3
91200002,711.0
91272001,720.5
91275001,801.6
91405002,698.0
92073001,722.5
93050001,754.7
94015002,339.2
94068001,798.1
95078001,665.3
95088001,712.6
95446001,476.2
95492001,832.0
95527001,789.3
95580001,779.3
95690001,755.7
